Site,Species,ID,Number,FL,TL,Wt,Month,Location,Notes
CR10,Brassy Minnow,,1,60,67,1.7,August,Creek,
CR7,Brook Trout,,1,148,157,31.5,August,Creek,
CR1,Brown Bullhead,,1,,85,78.7,August,Creek,
CR1,Brown Bullhead,,1,,180,77.7,August,Creek,
CR1,Brown Bullhead,,1,,190,103.7,August,Creek,
CR1,Brown Bullhead,,1,,195,98.6,August,Creek,
CR1,Brown Bullhead,,1,,160,50.7,August,Creek,
CR1,Brown Bullhead,,1,,188,186.8,August,Creek,
CR1,Brown Bullhead,,1,,190,91.6,August,Creek,
CR1,Brown Bullhead,,1,,164,55.2,August,Creek,
CR1,Brown Bullhead,,1,,171,58.4,August,Creek,
CR2,Brown Bullhead,,31,,,,August,Creek,
CR3,Brown Bullhead,,38,,,,August,Creek,
CR4,Brown Bullhead,,1,,186,94.2,August,Creek,
CR4,Brown Bullhead,,1,,168,60.6,August,Creek,
CR4,Brown Bullhead,,1,,155,51.2,August,Creek,
CR4,Brown Bullhead,,1,,145,28.7,August,Creek,
CR4,Brown Bullhead,,1,,135,35.3,August,Creek,
CR4,Brown Bullhead,,1,,155,47.9,August,Creek,
CR4,Brown Bullhead,,1,,,45.8,August,Creek,
CR4,Brown Bullhead,,1,,168,60,August,Creek,
CR4,Brown Bullhead,,1,,170,53,August,Creek,
CR4,Brown Bullhead,,3,,185,180.6,August,Creek,
CR4,Brown Bullhead,,3,,115,42.3,August,Creek,
CR4,Brown Bullhead,,1,,150,40.8,August,Creek,
CR6,Brown Bullhead,,1,,185,75.3,August,Creek,
CR6,Brown Bullhead,,1,,159,49.3,August,Creek,
CR6,Brown Bullhead,,1,,185,65.6,August,Creek,
CR6,Brown Bullhead,,1,,172,67.2,August,Creek,
CR6,Brown Bullhead,,1,,171,53.9,August,Creek,
LK1,Brown Bullhead,,3,,,,August,Lake,
LK10,Brown Bullhead,,1,,189,84.2,August,Lake,
LK10,Brown Bullhead,,1,,200,86.2,August,Lake,
LK10,Brown Bullhead,,,,162,50,August,Lake,
LK10,Brown Bullhead,,,,188,85.7,August,Lake,
LK10,Brown Bullhead,,,,173,60,August,Lake,
LK10,Brown Bullhead,,,,201,93.3,August,Lake,
LK10,Brown Bullhead,,,,180,61,August,Lake,
LK10,Brown Bullhead,,,,195,88.4,August,Lake,
LK2,Brown Bullhead,,8,,,,August,Lake,
LK3,Brown Bullhead,,24,,,,August,Lake,
LK4,Brown Bullhead,,18,,,,August,Lake,
LK5,Brown Bullhead,,14,,,,August,Lake,
LK6,Brown Bullhead,,1,,192,83,August,Lake,
LK6,Brown Bullhead,,1,,175,72.8,August,Lake,
LK6,Brown Bullhead,,1,,172,71.3,August,Lake,
LK6,Brown Bullhead,,1,,190,75.8,August,Lake,
LK6,Brown Bullhead,,1,,168,43.1,August,Lake,
LK6,Brown Bullhead,,1,,184,62.1,August,Lake,
LK6,Brown Bullhead,,1,,170,67.3,August,Lake,
LK6,Brown Bullhead,,1,,163,52.2,August,Lake,
LK6,Brown Bullhead,,1,,169,73.1,August,Lake,
LK6,Brown Bullhead,,1,,192,75.6,August,Lake,
LK6,Brown Bullhead,,1,,166,67.9,August,Lake,
LK6,Brown Bullhead,,1,,182,81.4,August,Lake,
CR10,Common Shiner,,1,117,130,21.8,August,Creek,DS clip
CR10,Common Shiner,,1,115,125,22.4,August,Creek,
CR10,Common Shiner,,1,97,105,11.9,August,Creek,
CR10,Common Shiner,,1,115,123,16.5,August,Creek,
CR10,Common Shiner,,1,100,110,12.7,August,Creek,
CR10,Common Shiner,,1,80,88,5.5,August,Creek,
CR10,Common Shiner,,1,75,88,3.3,August,Creek,
CR10,Common Shiner,,1,71,78,4.8,August,Creek,
CR10,Common Shiner,,1,83,92,6.7,August,Creek,
CR10,Common Shiner,,1,75,83,4.7,August,Creek,
CR10,Common Shiner,,1,63,70,3.5,August,Creek,
CR10,Common Shiner,,1,71,78,3.6,August,Creek,
CR1,Creek Chub,,1,126,135,21.3,August,Creek,
CR10,Creek Chub,,1,94,100,8.6,August,Creek,
CR10,Creek Chub,,1,90,100,9,August,Creek,
CR10,Creek Chub,,1,83,87,7.7,August,Creek,
CR10,Creek Chub,,1,73,78,4.3,August,Creek,
CR10,Creek Chub,,1,81,87,6,August,Creek,
CR10,Creek Chub,,1,92,98,8,August,Creek,
CR10,Creek Chub,,1,69,73,3.8,August,Creek,
CR10,Creek Chub,,1,85,91,7.2,August,Creek,
CR10,Creek Chub,,1,80,86,6.2,August,Creek,
CR10,Creek Chub,,1,80,86,6.8,August,Creek,
CR10,Creek Chub,,1,111,118,16.3,August,Creek,
CR10,Creek Chub,,1,90,96,7.5,August,Creek,
CR10,Creek Chub,,1,70,82,5.7,August,Creek,
CR10,Creek Chub,,1,82,87,6.6,August,Creek,DS clip
CR10,Creek Chub,,1,100,106,12.2,August,Creek,
CR10,Creek Chub,,1,85,91,6.6,August,Creek,
CR10,Creek Chub,,1,72,81,4.6,August,Creek,
CR10,Creek Chub,,1,79,86,5.6,August,Creek,
CR10,Creek Chub,,1,87,93,7.3,August,Creek,
CR10,Creek Chub,,1,98,109,12.8,August,Creek,
CR10,Creek Chub,,1,88,91,7.3,August,Creek,
CR10,Creek Chub,,1,110,117,16.1,August,Creek,
CR10,Creek Chub,,1,96,102,10.6,August,Creek,
CR10,Creek Chub,,1,73,77,4,August,Creek,
CR10,Creek Chub,,1,78,83,5.3,August,Creek,
CR10,Creek Chub,,1,89,95,8.4,August,Creek,
CR10,Creek Chub,,1,92,98,8.4,August,Creek,
CR10,Creek Chub,,1,69,74,3.4,August,Creek,
CR10,Creek Chub,,1,74,78,4.2,August,Creek,
CR10,Creek Chub,,13,68,73,70,August,Creek,
CR10,Creek Chub,,8,78,84,48,August,Creek,
CR3,Creek Chub,,1,159,168,46.3,August,Creek,
CR3,Creek Chub,,1,132,140,30.6,August,Creek,
CR4,Creek Chub,,1,108,116,13.4,August,Creek,
CR4,Creek Chub,,1,113,121,13.9,August,Creek,
CR4,Creek Chub,,1,126,135,21.8,August,Creek,
CR4,Creek Chub,,1,110,117,17,August,Creek,DS clip
CR4,Creek Chub,,1,127,134,21.1,August,Creek,US clip
CR4,Creek Chub,,1,108,115,14.2,August,Creek,
CR5,Creek Chub,,1,145,156,38.1,August,Creek,
CR5,Creek Chub,,1,156,166,45.1,August,Creek,
CR5,Creek Chub,,1,115,123,15.5,August,Creek,
CR5,Creek Chub,,1,165,175,50.3,August,Creek,
CR5,Creek Chub,,1,165,175,50.3,August,Creek,
CR5,Creek Chub,,1,126,137,26.7,August,Creek,
CR5,Creek Chub,,1,146,154,47.6,August,Creek,
CR5,Creek Chub,,1,104,113,9.4,August,Creek,
CR5,Creek Chub,,1,180,190,64.9,August,Creek,
CR5,Creek Chub,,1,177,185,63.1,August,Creek,
CR5,Creek Chub,,1,134,143,29.1,August,Creek,
CR5,Creek Chub,,1,175,185,53.2,August,Creek,
CR5,Creek Chub,,1,192,202,76.8,August,Creek,
CR5,Creek Chub,,1,153,163,37.2,August,Creek,
CR5,Creek Chub,,1,184,193,70,August,Creek,
CR5,Creek Chub,,1,150,159,36.5,August,Creek,
CR5,Creek Chub,,1,118,126,18.5,August,Creek,
CR6,Creek Chub,,1,115,124,14.8,August,Creek,
CR6,Creek Chub,,1,112,120,14.7,August,Creek,
CR6,Creek Chub,,1,184,193,69.5,August,Creek,
CR6,Creek Chub,,1,127,136,22,August,Creek,
CR6,Creek Chub,,1,133,142,20,August,Creek,
CR6,Creek Chub,,1,112,119,11.9,August,Creek,
CR6,Creek Chub,,1,103,110,10.4,August,Creek,
CR6,Creek Chub,,1,107,113,12.7,August,Creek,
CR6,Creek Chub,,1,100,107,9.8,August,Creek,
CR7,Creek Chub,,1,168,176,49.7,August,Creek,
CR7,Creek Chub,,1,115,122,16.1,August,Creek,
CR7,Creek Chub,,1,137,145,26.6,August,Creek,
CR7,Creek Chub,,1,125,133,19.2,August,Creek,
CR7,Creek Chub,,6,45,102,47.5,August,Creek,
CR7,Creek Chub,,1,116,122,18.4,August,Creek,
CR8,Creek Chub,,1,136,145,23.1,August,Creek,
CR8,Creek Chub,,1,160,170,44.3,August,Creek,
CR8,Creek Chub,,1,150,160,38.8,August,Creek,
CR8,Creek Chub,,1,127,136,22.8,August,Creek,
CR8,Creek Chub,,1,94,98,19.3,August,Creek,
CR8,Creek Chub,,1,153,163,40.7,August,Creek,
CR8,Creek Chub,,1,165,175,54.5,August,Creek,
CR8,Creek Chub,,1,108,115,13.7,August,Creek,
CR8,Creek Chub,,1,137,146,24.3,August,Creek,
CR8,Creek Chub,,1,128,137,24,August,Creek,
CR8,Creek Chub,,1,136,145,30.4,August,Creek,
CR8,Creek Chub,,1,126,135,23.5,August,Creek,DS clip
CR8,Creek Chub,,1,117,125,19.9,August,Creek,
CR8,Creek Chub,,1,102,108,12.4,August,Creek,
CR8,Creek Chub,,1,145,155,33,August,Creek,
CR8,Creek Chub,,1,125,134,21.3,August,Creek,
CR8,Creek Chub,,5,94,100,60.9,August,Creek,1 with US clip
CR8,Creek Chub,,2,116,124,26.7,August,Creek,
CR8,Creek Chub,,1,62,67,2.6,August,Creek,
CR9,Creek Chub,,1,123,132,20,August,Creek,
CR9,Creek Chub,,1,80,87,5.7,August,Creek,
CR9,Creek Chub,,1,72,76,4.2,August,Creek,
CR9,Creek Chub,,1,69,74,4.1,August,Creek,
CR9,Creek Chub,,1,70,75,4,August,Creek,
CR9,Creek Chub,,1,103,111,10.6,August,Creek,
CR9,Creek Chub,,1,85,90,6.8,August,Creek,
CR9,Creek Chub,,1,67,72,3.8,August,Creek,
CR9,Creek Chub,,7,70,75,29.3,August,Creek,
CR9,Creek Chub,,1,110,118,14.6,August,Creek,
CR9,Creek Chub,,1,112,120,13.8,August,Creek,
CR9,Creek Chub,,1,125,132,21.1,August,Creek,
CR1,Golden Shiner,,1,95,106,10.4,August,Creek,
CR3,Golden Shiner,FN-A23-GS-7,1,100,112,11.1,August,Creek,US clip
CR3,Golden Shiner,FN-A23-GS-8,1,100,113,13.3,August,Creek,US clip
CR3,Golden Shiner,,1,101,111,13,August,Creek,US clip
CR3,Golden Shiner,,1,101,111,11.5,August,Creek,
CR3,Golden Shiner,,1,105,115,14.2,August,Creek,
CR4,Golden Shiner,,1,107,119,12.6,August,Creek,
CR4,Golden Shiner,,3,78,88,23.6,August,Creek,
CR4,Golden Shiner,,7,85,95,70.5,August,Creek,
CR4,Golden Shiner,,10,84,92,122.7,August,Creek,
CR4,Golden Shiner,,7,90,100,73.9,August,Creek,
CR4,Golden Shiner,,3,95,104,30,August,Creek,
CR5,Golden Shiner,,1,105,115,10.7,August,Creek,
CR5,Golden Shiner,,1,97,108,8.8,August,Creek,
LK7,NA,,,,,,August,Lake,No fish in trap
CR1,Pumpkinseed,,1,75,82,6.8,August,Creek,
CR1,Pumpkinseed,,1,60,63,4.2,August,Creek,
CR1,Pumpkinseed,,1,73,77,8,August,Creek,
CR1,Pumpkinseed,,1,87,91,12.1,August,Creek,
CR2,Pumpkinseed,,1,83,87,10.6,August,Creek,
CR2,Pumpkinseed,,1,78,82,9.2,August,Creek,
CR3,Pumpkinseed,,1,86,91,12,August,Creek,
CR3,Pumpkinseed,,1,78,84,7,August,Creek,
CR3,Pumpkinseed,,1,78,83,32.1,August,Creek,
CR4,Pumpkinseed,,1,87,93,14.8,August,Creek,
CR5,Pumpkinseed,,1,88,93,11.2,August,Creek,
CR5,Pumpkinseed,,1,61,65,4.3,August,Creek,
CR5,Pumpkinseed,,1,90,95,12.5,August,Creek,
CR5,Pumpkinseed,,1,73,78,6,August,Creek,
CR6,Pumpkinseed,,1,100,105,16.8,August,Creek,
CR8,Pumpkinseed,,1,8,92,13.3,August,Creek,
CR8,Pumpkinseed,,1,99,104,19,August,Creek,
CR8,Pumpkinseed,,1,83,87,10.5,August,Creek,
CR8,Pumpkinseed,,4,85,90,41.3,August,Creek,
CR9,Pumpkinseed,,1,65,68,4.5,August,Creek,
LK10,Pumpkinseed,,1,84,88,10.7,August,Lake,
LK10,Pumpkinseed,,1,82,87,10.4,August,Lake,
LK10,Pumpkinseed,,1,96,101,15.6,August,Lake,
LK10,Pumpkinseed,,1,95,100,13.2,August,Lake,
LK10,Pumpkinseed,,1,68,72,5.4,August,Lake,
LK10,Pumpkinseed,,1,66,70,3,August,Lake,
LK10,Pumpkinseed,,1,90,95,14.1,August,Lake,
LK10,Pumpkinseed,,1,75,80,7.4,August,Lake,
LK2,Pumpkinseed,,1,90,95,11.3,August,Lake,
LK2,Pumpkinseed,,1,82,86,7.7,August,Lake,
LK2,Pumpkinseed,,1,71,75,5.9,August,Lake,
LK2,Pumpkinseed,,1,72,78,6.3,August,Lake,
LK2,Pumpkinseed,,1,63,66,4.5,August,Lake,
LK2,Pumpkinseed,,1,65,69,4.2,August,Lake,
LK2,Pumpkinseed,,1,59,63,3.4,August,Lake,
LK2,Pumpkinseed,,1,79,83,8.5,August,Lake,
LK2,Pumpkinseed,,1,76,82,8.3,August,Lake,
LK2,Pumpkinseed,,1,66,70,3.1,August,Lake,
LK2,Pumpkinseed,,1,103,108,17.5,August,Lake,
LK2,Pumpkinseed,,1,82,87,12.3,August,Lake,
LK2,Pumpkinseed,,1,85,90,10.8,August,Lake,
LK2,Pumpkinseed,,1,88,94,13.2,August,Lake,
LK2,Pumpkinseed,,1,79,84,7.5,August,Lake,
LK2,Pumpkinseed,,1,80,85,7.6,August,Lake,
LK2,Pumpkinseed,,1,75,80,7.1,August,Lake,
LK3,Pumpkinseed,,1,,,,August,Lake,accidentally lost 
LK3,Pumpkinseed,,1,83,88,10.9,August,Lake,
LK3,Pumpkinseed,,1,106,111,11.6,August,Lake,
LK3,Pumpkinseed,,1,76,80,9,August,Lake,
LK3,Pumpkinseed,,1,77,82,6.7,August,Lake,
LK4,Pumpkinseed,,1,86,91,7.7,August,Lake,
LK4,Pumpkinseed,,1,95,101,13.1,August,Lake,
LK6,Pumpkinseed,,1,104,109,19.6,August,Lake,
LK6,Pumpkinseed,,1,90,94,11.2,August,Lake,
LK8,Pumpkinseed,,1,105,111,21.1,August,Lake,
LK8,Pumpkinseed,,1,9,107,15.2,August,Lake,
LK9,Pumpkinseed,,1,86,91,11.6,August,Lake,
LK9,Pumpkinseed,,1,85,90,10.9,August,Lake,
LK9,Pumpkinseed,,1,56,59,3.2,August,Lake,
CR10,Smallmouth Bass,,1,103,108,16.9,August,Creek,
CR8,Smallmouth Bass,,1,128,134,33.6,August,Creek,
CR8,Smallmouth Bass,,1,116,123,23.3,August,Creek,
CR8,Smallmouth Bass,,1,68,72,5.3,August,Creek,
LK1,Smallmouth Bass,,1,98,103,13.4,August,Lake,
LK9,Smallmouth Bass,,1,111,116,17.1,August,Lake,
CR2,Yellow Perch,,1,108,113,12.3,August,Creek,
CR2,Yellow Perch,,1,100,106,9.6,August,Creek,
CR2,Yellow Perch,,1,87,93,13.2,August,Creek,
CR2,Yellow Perch,,1,111,116,12.7,August,Creek,
CR2,Yellow Perch,,1,115,122,17.1,August,Creek,
CR3,Yellow Perch,,1,105,111,15.6,August,Creek,
CR3,Yellow Perch,,1,143,149,36.6,August,Creek,
CR3,Yellow Perch,,1,101,106,11.7,August,Creek,
CR3,Yellow Perch,,1,80,90,6.6,August,Creek,
CR3,Yellow Perch,,1,105,111,14.6,August,Creek,
CR4,Yellow Perch,,1,87,92,9.5,August,Creek,
CR4,Yellow Perch,,1,96,101,10.4,August,Creek,
CR5,Yellow Perch,,1,103,107,11.7,August,Creek,
CR5,Yellow Perch,,1,119,125,17.1,August,Creek,
CR5,Yellow Perch,,1,121,127,19.7,August,Creek,
CR5,Yellow Perch,,1,88,93,6.9,August,Creek,
CR5,Yellow Perch,,1,86,91,6.5,August,Creek,
CR5,Yellow Perch,,1,98,103,9.4,August,Creek,
CR5,Yellow Perch,,1,127,136,23.3,August,Creek,
CR5,Yellow Perch,,1,92,96,8,August,Creek,
CR6,Yellow Perch,,1,154,161,48.9,August,Creek,
CR6,Yellow Perch,,1,112,116,13.8,August,Creek,
CR6,Yellow Perch,,1,95,99,9.81,August,Creek,
CR7,Yellow Perch,,1,116,122,16.4,August,Creek,
CR7,Yellow Perch,,1,123,128,21.4,August,Creek,
CR7,Yellow Perch,,1,101,106,11.2,August,Creek,
CR7,Yellow Perch,,1,82,86,5,August,Creek,
CR7,Yellow Perch,,1,75,79,3.9,August,Creek,
CR7,Yellow Perch,,1,74,78,3.7,August,Creek,
CR8,Yellow Perch,,1,88,93,6.3,August,Creek,
CR9,Yellow Perch,,1,50,52,3.1,August,Creek,
LK2,Yellow Perch,,1,85,89,4.7,August,Lake,
LK2,Yellow Perch,,1,84,88,5.7,August,Lake,
LK2,Yellow Perch,,1,129,135,20.4,August,Lake,
LK2,Yellow Perch,,1,122,128,18,August,Lake,
LK2,Yellow Perch,,1,91,96,5.7,August,Lake,
LK2,Yellow Perch,,1,81,86,4.9,August,Lake,
LK2,Yellow Perch,,1,87,92,5.3,August,Lake,
LK2,Yellow Perch,,1,90,95,8.1,August,Lake,
LK2,Yellow Perch,,1,113,118,15.4,August,Lake,
LK2,Yellow Perch,,1,98,104,9.1,August,Lake,
LK2,Yellow Perch,,1,92,97,7.1,August,Lake,
LK4,Yellow Perch,,1,106,112,8.4,August,Lake,
LK4,Yellow Perch,,1,107,112,11.2,August,Lake,
LK4,Yellow Perch,,1,88,94,4.8,August,Lake,
LK4,Yellow Perch,,1,105,109,9,August,Lake,
LK4,Yellow Perch,,1,76,83,5.3,August,Lake,
LK6,Yellow Perch,,1,121,126,17.9,August,Lake,
LK6,Yellow Perch,,1,109,114,12,August,Lake,
LK8,Yellow Perch,,1,147,154,39.5,August,Lake,
LK8,Yellow Perch,,1,155,162,47.3,August,Lake,LK8-A23-YP-8
LK8,Yellow Perch,,1,113,118,14.8,August,Lake,
LK8,Yellow Perch,,1,106,112,8.7,August,Lake,LK8-A23-YP-9
LK8,Yellow Perch,,1,122,128,23,August,Lake,
LK8,Yellow Perch,,1,111,117,16.8,August,Lake,
LK8,Yellow Perch,,1,140,147,34.9,August,Lake,
LK8,Yellow Perch,,1,113,119,15.4,August,Lake,
LK8,Yellow Perch,,1,94,104,9.4,August,Lake,
LK8,Yellow Perch,,1,130,135,22.5,August,Lake,
LK8,Yellow Perch,,1,126,130,18.5,August,Lake,
LK8,Yellow Perch,,1,106,111,11.7,August,Lake,
LK8,Yellow Perch,,1,101,106,9,August,Lake,
LK8,Yellow Perch,,1,109,114,13.6,August,Lake,LK8-A23-YP-10
LK8,Yellow Perch,,1,130,136,21.1,August,Lake,
LK8,Yellow Perch,,1,80,85,5.9,August,Lake,
LK8,Yellow Perch,,1,77,81,4.6,August,Lake,
LK9,Yellow Perch,,1,85,90,5.1,August,Lake,
LK9,Yellow Perch,,1,104,110,11.4,August,Lake,LK9-A23-YP-7
LK1,Bluntnose minnow ,LK1-M23-BNM -5,1,81,93,4.8,May,Lake,
LK1,Bluntnose minnow ,LK1-M23-BNM -6,1,85,91,4.1,May,Lake,
LK10,Bluntnose minnow ,LK10-M23-BNM -7,1,73,78,2.8,May,Lake,
LK10,Bluntnose minnow ,,1,75,81,2.7,May,Lake,
LK10,Bluntnose minnow ,,1,95,102,8.5,May,Lake,
LK7,Bluntnose minnow ,LK7-M23-BNM -2,1,76,79,3.4,May,Lake,
LK7,Bluntnose minnow ,LK7-M23-BNM -3,1,89,96,6.9,May,Lake,
LK7,Bluntnose minnow ,LK7-M23-BNM -4,1,87,92,5.6,May,Lake,
LK7,Bluntnose minnow ,,1,93,103,6.9,May,Lake,
LK7,Bluntnose minnow ,,1,93,99,9.3,May,Lake,
LK7,Bluntnose minnow ,,1,88,94,6.1,May,Lake,
LK7,Bluntnose minnow ,,1,85,92,5.1,May,Lake,
LK7,Bluntnose minnow ,,1,87,95,6.3,May,Lake,
LK7,Bluntnose minnow ,,1,86,92,5.5,May,Lake,
LK8,Bluntnose minnow ,Lk8-M23-BNM -08,1,65,70,2.9,May,Lake,11am start
LK8,Bluntnose minnow ,Lk8-M23-BNM -09,1,85,92,7.8,May,Lake,
LK8,Bluntnose minnow ,Lk8-M23-BNM -10,1,89,96,6.4,May,Lake,
LK8,Bluntnose minnow ,Lk8-M23-BNM -11,1,94,100,11,May,Lake,
LK8,Bluntnose minnow ,Lk8-M23-BNM -12,1,89,95,7.1,May,Lake,
LK8,Bluntnose minnow ,,1,100,105,8.9,May,Lake,
LK8,Bluntnose minnow ,,1,93,100,9.7,May,Lake,
LK8,Bluntnose minnow ,,1,78,84,4.2,May,Lake,
LK9,Bluntnose minnow ,LK9-M23-BNM -1,1,61,66,2.2,May,Lake,Only 1 fish in trap
CR7,Brook Sickleback ,,1,,57,0.9,May,Creek,
LK10,Brook Sickleback ,,1,,51,1.4,May,Lake,
CR10,Brook Trout,,1,135,143,28.6,May,Creek,
CR10,Brook Trout,,1,157,163,44.8,May,Creek,
CR10,Brook Trout,CR10-M23-BT-1,1,114,118,16.5,May,Creek,
CR10,Brook Trout,,1,118,123,16.8,May,Creek,
CR10,Brook Trout,,1,165,173,52,May,Creek,
CR10,Brook Trout,,1,145,151,29,May,Creek,
CR10,Brook Trout,,1,126,130,20,May,Creek,
CR9,Brook Trout,,1,187,203,87.4,May,Creek,Only fish in trap
CR1,Brown Bullhead,,11,,,,May,Creek,
CR2,Brown Bullhead,,13,,,,May,Creek,
CR3,Brown Bullhead,,15,,,,May,Creek,10:12am start
CR4,Brown Bullhead,,4,,,,May,Creek,
CR5,Brown Bullhead,,6,,,,May,Creek,
CR7,Brown Bullhead,,1,,162,48.4,May,Creek,
CR7,Brown Bullhead,,1,,180,71.5,May,Creek,
CR7,Brown Bullhead,,1,,162,45.1,May,Creek,
CR7,Brown Bullhead,,1,,145,33.2,May,Creek,
CR7,Brown Bullhead,,1,,143,33.1,May,Creek,
CR7,Brown Bullhead,,1,,115,15.9,May,Creek,
LK2,Brown Bullhead,,30,,,,May,Lake,
LK3,Brown Bullhead,,43,,,,May,Lake,
LK4,Brown Bullhead,,21,,,,May,Lake,
LK5,Brown Bullhead,,44,,,,May,Lake,4 kept for Tim because they were dead in trap
LK6,Brown Bullhead,,54,,,,May,Lake,
LK6,Brown Bullhead,,12,,,,May,Lake,
LK7,Brown Bullhead,,1,,,,May,Lake,
LK9,Brown Bullhead,,1,,,,May,Lake,
CR2,Common Shiner,,1,131,145,29.3,May,Creek,
CR2,Common Shiner,,1,125,138,27.1,May,Creek,
CR2,Common Shiner,,1,123,137,22.3,May,Creek,
CR2,Common Shiner,,1,152,165,48.7,May,Creek,
CR2,Common Shiner,,1,144,158,40.8,May,Creek,
CR2,Common Shiner,,1,148,162,45.6,May,Creek,
CR2,Common Shiner,,1,142,155,35.7,May,Creek,
CR2,Common Shiner,,1,140,153,36.7,May,Creek,
CR2,Common Shiner,,1,142,155,36.7,May,Creek,
CR2,Common Shiner,,1,125,137,22.9,May,Creek,
CR2,Common Shiner,,1,150,164,45.7,May,Creek,
CR2,Common Shiner,CR2-M23-CS-11,1,140,153,36.3,May,Creek,
CR2,Common Shiner,,1,135,147,32.9,May,Creek,
CR2,Common Shiner,,1,118,130,22.3,May,Creek,
CR2,Common Shiner,,1,132,144,29.2,May,Creek,
CR2,Common Shiner,,1,119,129,20,May,Creek,
CR2,Common Shiner,,1,123,134,22,May,Creek,
CR2,Common Shiner,,1,110,122,16.7,May,Creek,
CR2,Common Shiner,,1,115,127,21.5,May,Creek,
CR2,Common Shiner,,1,117,130,18.1,May,Creek,
CR2,Common Shiner,,1,120,131,21.1,May,Creek,
CR2,Common Shiner,,1,115,126,23,May,Creek,Eggs produced 
CR2,Common Shiner,,1,118,127,22,May,Creek,
CR2,Common Shiner,,1,101,111,13.1,May,Creek,
CR2,Common Shiner,,1,102,112,13.8,May,Creek,
CR4,Common Shiner,,1,120,131,21.4,May,Creek,
CR5,Common Shiner,,1,125,137,22.8,May,Creek,
CR5,Common Shiner,,1,127,139,18.1,May,Creek,
CR5,Common Shiner,,1,122,135,21.3,May,Creek,
CR5,Common Shiner,,1,120,131,19.7,May,Creek,
CR5,Common Shiner,,1,125,137,16.2,May,Creek,
CR5,Common Shiner,,1,101,110,11.4,May,Creek,
CR5,Common Shiner,,1,112,126,22.4,May,Creek,
CR5,Common Shiner,,1,118,129,16.9,May,Creek,
CR5,Common Shiner,,1,97,108,11.1,May,Creek,
CR7,Common Shiner,,1,119,131,18.6,May,Creek,
CR7,Common Shiner,,1,120,131,28.2,May,Creek,
CR7,Common Shiner,,1,150,165,44.4,May,Creek,
CR7,Common Shiner,,1,117,130,18.2,May,Creek,
CR7,Common Shiner,,1,142,155,36.2,May,Creek,
CR7,Common Shiner,,1,135,147,30,May,Creek,US clip
CR7,Common Shiner,,1,110,120,14.7,May,Creek,
CR7,Common Shiner,,1,140,154,34.5,May,Creek,
CR7,Common Shiner,,1,120,133,20,May,Creek,
CR7,Common Shiner,,1,130,142,29.4,May,Creek,
CR7,Common Shiner,,1,100,110,11.4,May,Creek,
CR7,Common Shiner,,1,125,137,14.2,May,Creek,
CR7,Common Shiner,,1,101,110,12,May,Creek,US clip
CR7,Common Shiner,,1,100,110,10.9,May,Creek,
CR7,Common Shiner,,1,108,120,15.2,May,Creek,
CR7,Common Shiner,,1,82,90,,May,Creek,Didnt weigh
CR8,Common Shiner,,1,100,111,7.1,May,Creek,
CR8,Common Shiner,,1,87,95,6.3,May,Creek,
CR8,Common Shiner,,1,86,94,7.1,May,Creek,
CR8,Common Shiner,,1,95,104,9.1,May,Creek,
CR8,Common Shiner,,1,85,93,6.3,May,Creek,
CR8,Common Shiner,,1,81,89,5.9,May,Creek,
CR8,Common Shiner,,1,92,101,10.3,May,Creek,
CR8,Common Shiner,,1,95,104,9.8,May,Creek,
CR8,Common Shiner,,1,86,95,8.3,May,Creek,
CR8,Common Shiner,,1,83,90,5.9,May,Creek,
CR8,Common Shiner,,1,87,97,8,May,Creek,
CR8,Common Shiner,,1,68,76,3.8,May,Creek,
CR8,Common Shiner,,1,83,92,6.1,May,Creek,
CR8,Common Shiner,,1,82,90,5.2,May,Creek,
CR8,Common Shiner,,1,70,77,2.9,May,Creek,
CR8,Common Shiner,,1,89,97,8.3,May,Creek,
LK1,Common Shiner,LK1-M23-CS-1,1,137,152,33.1,May,Lake,
LK1,Common Shiner,LK1-M23-CS-2,1,135,147,31.7,May,Lake,
Lk6,Common Shiner,LK6-M23-CS-3,1,144,157,38.2,May,Lake,
CR1,Creek Chub,,1,100,108,9.4,May,Creek,
CR1,Creek Chub,,1,105,112,11.3,May,Creek,
CR1,Creek Chub,,1,95,101,9.1,May,Creek,
CR10,Creek Chub,,1,130,136,24.3,May,Creek,
CR10,Creek Chub,,1,130,138,23.7,May,Creek,
CR2,Creek Chub,,1,120,127,22.5,May,Creek,
CR2,Creek Chub,,1,133,142,25.1,May,Creek,
CR5,Creek Chub,,1,130,139,24.3,May,Creek,
CR5,Creek Chub,,1,130,137,21.8,May,Creek,
CR5,Creek Chub,,1,115,123,17.8,May,Creek,
CR5,Creek Chub,,1,135,142,24.8,May,Creek,
CR5,Creek Chub,,1,112,120,15.7,May,Creek,
CR5,Creek Chub,,1,94,101,8.1,May,Creek,
CR5,Creek Chub,,1,72,77,3.9,May,Creek,
CR7,Creek Chub,,1,115,122,15.8,May,Creek,
CR7,Creek Chub,,1,45,100,5.7,May,Creek,
CR7,Creek Chub,,1,142,150,28.7,May,Creek,
CR7,Creek Chub,,1,160,169,49.6,May,Creek,
CR7,Creek Chub,,1,156,166,45.2,May,Creek,
CR7,Creek Chub,,1,106,113,13.5,May,Creek,
CR7,Creek Chub,,1,113,122,17.3,May,Creek,
CR7,Creek Chub,,1,112,124,18.3,May,Creek,
CR7,Creek Chub,,1,133,142,24,May,Creek,
CR8,Creek Chub,,1,130,137,22.7,May,Creek,
CR8,Creek Chub,,1,120,127,20.8,May,Creek,
CR8,Creek Chub,,1,158,165,42.9,May,Creek,
CR8,Creek Chub,,1,130,137,28.9,May,Creek,
CR8,Creek Chub,,1,113,120,18.3,May,Creek,
CR8,Creek Chub,,1,112,118,15.8,May,Creek,
CR8,Creek Chub,,1,105,112,13.8,May,Creek,
CR8,Creek Chub,,1,120,127,21.3,May,Creek,
CR8,Creek Chub,,1,101,108,12.4,May,Creek,
CR9,Creek Chub,,1,212,219,101.6,May,Creek,
CR9,Creek Chub,,1,137,145,27.7,May,Creek,
CR9,Creek Chub,,1,131,140,26.3,May,Creek,Eggs produced
CR9,Creek Chub,,1,138,145,31.9,May,Creek,
CR9,Creek Chub,,1,128,137,21.8,May,Creek,
CR9,Creek Chub,,1,98,105,12.3,May,Creek,
CR9,Creek Chub,,1,76,82,3.5,May,Creek,
LK8,Creek Chub,LK8-M23-CC-1,1,101,108,8.1,May,Lake,
LK8,Creek Chub,LK8-M23-CC-2,1,106,115,14.5,May,Lake,
CR1,Golden Shiner,,1,94,104,8.9,May,Creek,
CR2,Golden Shiner,,1,111,123,16.5,May,Creek,
CR2,Golden Shiner,,1,106,118,14.3,May,Creek,
CR2,Golden Shiner,,1,98,108,10.9,May,Creek,
CR2,Golden Shiner,,1,85,95,6.7,May,Creek,
CR2,Golden Shiner,,1,100,112,11.8,May,Creek,
CR2,Golden Shiner,,1,70,78,4.7,May,Creek,
CR2,Golden Shiner,,1,120,132,16.3,May,Creek,
CR2,Golden Shiner,,1,100,111,12.3,May,Creek,
CR3,Golden Shiner,,1,98,109,8.7,May,Creek,
CR3,Golden Shiner,,1,115,123,17.1,May,Creek,
CR3,Golden Shiner,,1,108,117,13.9,May,Creek,
CR3,Golden Shiner,,1,119,134,16.9,May,Creek,
CR3,Golden Shiner,,1,90,100,6.6,May,Creek,
CR3,Golden Shiner,,1,91,100,7.6,May,Creek,
CR3,Golden Shiner,,1,90,100,6.2,May,Creek,
CR3,Golden Shiner,,1,86,96,7.2,May,Creek,
CR3,Golden Shiner,,1,84,93,6.2,May,Creek,
CR3,Golden Shiner,,1,77,85,5,May,Creek,
CR3,Golden Shiner,,1,90,99,8.3,May,Creek,
CR3,Golden Shiner,,1,99,110,10.6,May,Creek,
CR3,Golden Shiner,,1,77,86,4.8,May,Creek,
CR3,Golden Shiner,,1,117,129,17,May,Creek,
CR5,Golden Shiner,,1,99,108,11.7,May,Creek,
CR5,Golden Shiner,,1,126,138,23.1,May,Creek,
CR5,Golden Shiner,,1,99,108,11.3,May,Creek,
CR5,Golden Shiner,,1,107,126,18.4,May,Creek,
CR5,Golden Shiner,,1,82,90,7.6,May,Creek,
CR5,Golden Shiner,,1,111,121,17.3,May,Creek,
CR5,Golden Shiner,,1,92,100,7.3,May,Creek,
CR5,Golden Shiner,,1,105,115,15.4,May,Creek,
LK3,Golden Shiner,LK3-M23-GS-2,1,143,157,33.3,May,Lake,
LK3,Golden Shiner,LK3-M23-GS-3,1,73,82,4.3,May,Lake,US clip
LK3,Golden Shiner,LK3-M23-GS-4,1,98,109,10.9,May,Lake,10:38 start
LK3,Golden Shiner,LK3-M23-GS-5,1,120,132,17.9,May,Lake,
LK3,Golden Shiner,LK3-M23-GS-6,1,110,120,12,May,Lake,
LK3,Golden Shiner,LK3-M23-GS-7,1,93,103,7.7,May,Lake,
LK4,Golden Shiner,,1,,,,May,Lake,Lost
LK7,Golden Shiner,LK7-M23-GS-1,1,114,125,15,May,Lake,
LK10,Pumpkinseed,,1,67,69,5.2,May,Lake,
LK10,Pumpkinseed,,1,73,76,6.7,May,Lake,
LK3,Pumpkinseed,,1,86,90,8.8,May,Lake,
LK5,Pumpkinseed,LK5-M23-PS-1,1,73,82,13.7,May,Lake,
LK8,Pumpkinseed,,1,68,71,4.8,May,Lake,
LK9,Pumpkinseed,,1,75,79,6.6,May,Lake,
LK9,Smallmouth Bass,,1,67,70,3.1,May,Lake,
CR3,White Sucker,,1,153,161,40.3,May,Creek,
CR7,White Sucker,,1,223,240,132,May,Creek,
CR7,White Sucker,,1,200,215,88,May,Creek,
CR7,White Sucker,,1,178,188,48.9,May,Creek,
CR7,White Sucker,,1,210,225,99.6,May,Creek,
CR7,White Sucker,,1,216,230,106.8,May,Creek,
CR7,White Sucker,,1,165,176,52.2,May,Creek,
CR7,White Sucker,,1,165,177,53.2,May,Creek,
CR7,White Sucker,,1,156,168,42,May,Creek,
CR7,White Sucker,,1,140,149,45.7,May,Creek,
CR9,White Sucker,,1,162,171,42.8,May,Creek,eggs produced 
CR9,White Sucker,,1,112,120,17.5,May,Creek,
CR9,White Sucker,,1,105,111,14.3,May,Creek,
CR1,Yellow Perch,,1,91,96,5.2,May,Creek,
CR3,Yellow Perch,CR3-M23-YP-1,1,105,110,9.8,May,Creek,
CR4,Yellow Perch,,1,,,,May,Creek,
CR4,Yellow Perch,,1,68,71,3,May,Creek,
CR5,Yellow Perch,,1,66,70,3.6,May,Creek,
CR5,Yellow Perch,,1,67,71,2.9,May,Creek,
CR5,Yellow Perch,,1,66,70,1.9,May,Creek,
CR5,Yellow Perch,,1,65,68,1.4,May,Creek,
CR7,Yellow Perch,,1,68,71,2.9,May,Creek,
CR7,Yellow Perch,,1,82,86,4.7,May,Creek,
CR8,Yellow Perch,,1,95,101,7.3,May,Creek,
CR8,Yellow Perch,,1,70,74,2.5,May,Creek,
CR8,Yellow Perch,,1,65,69,1.9,May,Creek,
CR8,Yellow Perch,,1,63,66,2,May,Creek,
CR8,Yellow Perch,,1,65,70,2,May,Creek,
CR8,Yellow Perch,,1,68,72,2.2,May,Creek,
CR8,Yellow Perch,,1,68,72,2.6,May,Creek,
CR8,Yellow Perch,,1,70,75,3.1,May,Creek,
CR8,Yellow Perch,,1,71,75,2.8,May,Creek,
CR8,Yellow Perch,,1,67,70,2.2,May,Creek,
CR8,Yellow Perch,,1,67,71,2.1,May,Creek,
CR9,Yellow Perch,,1,88,94,6.2,May,Creek,
LK10,Yellow Perch,Lk10-M23-YP-4,1,137,147,38.5,May,Lake,
LK10,Yellow Perch,Lk10-M23-YP-5,1,73,76,15.7,May,Lake,
LK10,Yellow Perch,Lk10-M23-YP-6,1,91,95,7.7,May,Lake,
LK10,Yellow Perch,Lk10-M23-YP-7,1,68,72,2.2,May,Lake,
LK10,Yellow Perch,Lk10-M23-YP-8,1,107,112,9.5,May,Lake,
LK10,Yellow Perch,,1,107,110,9.4,May,Lake,
LK10,Yellow Perch,,1,95,100,8.2,May,Lake,
LK10,Yellow Perch,,1,64,70,1.9,May,Lake,
LK10,Yellow Perch,,1,67,72,4.5,May,Lake,
LK10,Yellow Perch,,1,83,90,6.5,May,Lake,
LK10,Yellow Perch,,1,77,82,4.3,May,Lake,
LK10,Yellow Perch,,1,76,81,,May,Lake,
LK10,Yellow Perch,,1,77,83,2.9,May,Lake,
LK10,Yellow Perch,,1,92,96,6.5,May,Lake,
LK10,Yellow Perch,,1,83,85,5.1,May,Lake,
LK10,Yellow Perch,,1,82,86,5.5,May,Lake,
LK10,Yellow Perch,,1,80,85,4.3,May,Lake,
LK10,Yellow Perch,,1,67,70,3.7,May,Lake,
LK10,Yellow Perch,,1,79,83,3.9,May,Lake,
LK10,Yellow Perch,,7,66,70,17.9,May,Lake,
LK10,Yellow Perch,,21,73,78,59.5,May,Lake,
LK10,Yellow Perch,,1,111,116,12.2,May,Lake,
LK10,Yellow Perch,,3,111,116,34.9,May,Lake,
LK10,Yellow Perch,,7,88,91,42.5,May,Lake,
LK10,Yellow Perch,,4,67,71,10.4,May,Lake,
LK10,Yellow Perch,,2,80,85,10,May,Lake,
LK10,Yellow Perch,,7,65,69,21.8,May,Lake,
LK10,Yellow Perch,,3,60,64,7.9,May,Lake,
LK10,Yellow Perch,,1,85,90,7,May,Lake,
LK10,Yellow Perch,,1,82,88,4.3,May,Lake,
LK3,Yellow Perch,LK3-M23-YP-9,1,162,169,35.9,May,Lake,
LK3,Yellow Perch,,1,110,116,14.9,May,Lake,
Lk3,Yellow Perch,,1,106,112,11.7,May,Lake,
LK3,Yellow Perch,,1,69,73,2.9,May,Lake,
LK3,Yellow Perch,,1,108,113,10.3,May,Lake,
LK3,Yellow Perch,,1,85,89,6.6,May,Lake,
LK3,Yellow Perch,,1,150,157,35.4,May,Lake,
LK3,Yellow Perch,,1,74,99,7.2,May,Lake,
LK3,Yellow Perch,LK3-M23-yp-10,1,88,94,4.4,May,Lake,
LK3,Yellow Perch,,1,80,85,4,May,Lake,
LK3,Yellow Perch,,1,82,87,3,May,Lake,
LK3,Yellow Perch,,1,98,104,7.6,May,Lake,
LK3,Yellow Perch,,1,115,120,14,May,Lake,
LK3,Yellow Perch,,1,126,131,21.3,May,Lake,
LK3,Yellow Perch,,1,84,88,6.5,May,Lake,
LK3,Yellow Perch,,1,95,100,7.4,May,Lake,
LK3,Yellow Perch,,1,102,107,10.8,May,Lake,
LK3,Yellow Perch,,1,113,120,15.1,May,Lake,
LK3,Yellow Perch,,1,90,95,6.7,May,Lake,
LK3,Yellow Perch,,1,99,104,10.3,May,Lake,
LK3,Yellow Perch,,1,86,92,6.6,May,Lake,
LK3,Yellow Perch,,1,76,80,4,May,Lake,
LK3,Yellow Perch,,1,92,98,8.4,May,Lake,
LK3,Yellow Perch,,1,115,120,14.5,May,Lake,
LK3,Yellow Perch,,1,84,87,6.2,May,Lake,
LK3,Yellow Perch,,1,97,101,8.9,May,Lake,
LK3,Yellow Perch,,1,94,99,7.9,May,Lake,
LK3,Yellow Perch,,1,93,97,7.9,May,Lake,
LK3,Yellow Perch,,1,80,84,4.8,May,Lake,
LK3,Yellow Perch,,1,80,85,4.9,May,Lake,
LK3,Yellow Perch,,1,94,98,8.6,May,Lake,
LK3,Yellow Perch,LK3-M23-YP-11,1,87,92,6.3,May,Lake,
LK3,Yellow Perch,,1,83,87,6.2,May,Lake,
LK3,Yellow Perch,,1,85,89,4.5,May,Lake,
LK3,Yellow Perch,,1,100,105,7.7,May,Lake,
LK3,Yellow Perch,,1,75,79,3,May,Lake,
LK5,Yellow Perch,LK5-M23-YP-3,1,115,119,15.6,May,Lake,
LK6,Yellow Perch,,1,115,120,12.8,May,Lake,
LK7,Yellow Perch,LK7-M23-YP-1,1,81,84,3.4,May,Lake,
LK7,Yellow Perch,LK7-M23-YP-2,1,84,90,3.3,May,Lake,
LK8,Yellow Perch,,1,122,128,14.7,May,Lake,
LK8,Yellow Perch,,6,85,90,30.4,May,Lake,
LK8,Yellow Perch,,4,105,109,46.7,May,Lake,
LK8,Yellow Perch,,8,81,85,33.6,May,Lake,
LK8,Yellow Perch,,1,98,103,10,May,Lake,
LK8,Yellow Perch,,4,73,78,11.8,May,Lake,
LK8,Yellow Perch,,8,83,87,32.3,May,Lake,
LK8,Yellow Perch,,1,80,85,4.5,May,Lake,
LK8,Yellow Perch,,1,91,95,7.4,May,Lake,
LK8,Yellow Perch,,1,94,98,7.1,May,Lake,
LK8,Yellow Perch,,1,112,117,11.7,May,Lake,
LK9,Yellow Perch,,2,96,101,16.7,May,Lake,
LK9,Yellow Perch,,1,120,125,18.4,May,Lake,
LK9,Yellow Perch,,9,72,76,25.3,May,Lake,
LK9,Yellow Perch,,9,70,74,34.1,May,Lake,
LK8,,,1,,,,May,Lake,Door open
LK6,Bluntnose minnow ,LK6-O23-BNM-3,1,88,95,8.2,October,Lake,
LK6,Bluntnose minnow ,LK6-O23-BNM-3,1,85,92,6.6,October,Lake,
LK6,Bluntnose minnow ,,1,87,94,5.5,October,Lake,
LK6,Bluntnose minnow ,,1,67,74,2.7,October,Lake,
LK9,Bluntnose minnow ,LK9-O23-BNM-1,1,88,95,8.6,October,Lake,
LK9,Bluntnose minnow ,LK9-O23-BNM-2,1,87,92,7.2,October,Lake,
LK9,Bluntnose minnow ,,1,86,94,8.5,October,Lake,
CR7,Brook Trout,,1,132,142,20,October,Creek,
CR7,Brook Trout,,1,75,79,2.6,October,Creek,
CR8,Brook Trout,,1,175,186,52.3,October,Creek,
CR8,Brook Trout,,1,155,164,33.6,October,Creek,
CR8,Brook Trout,,1,126,133,17.9,October,Creek,
CR1,Brown Bullhead,,1,96,107,9.9,October,Creek,
CR2,Brown Bullhead,,68,,,,October,Creek,
CR3,Brown Bullhead,,67,,,,October,Creek,
CR4,Brown Bullhead,,57,,,,October,Creek,
CR5,Brown Bullhead,,1,,150,38.5,October,Creek,
CR5,Brown Bullhead,,1,,138,31.5,October,Creek,
CR5,Brown Bullhead,,1,,142,33.4,October,Creek,
LK1,Brown Bullhead,,26,,,,October,Lake,
LK2,Brown Bullhead,,24,,,,October,Lake,
LK3,Brown Bullhead,,1,,138,30.7,October,Lake,
LK3,Brown Bullhead,,1,,128,25.5,October,Lake,
LK3,Brown Bullhead,,1,,108,14.2,October,Lake,
LK3,Brown Bullhead,,1,,87,8.1,October,Lake,
LK3,Brown Bullhead,,1,,108,14.6,October,Lake,
LK4,Brown Bullhead,,34,,,,October,Lake,
LK5,Brown Bullhead,,17,,,,October,Lake,
LK7,Brown Bullhead,,1,,190,80,October,Lake,
LK7,Brown Bullhead,,1,,174,56.2,October,Lake,
LK7,Brown Bullhead,,1,,187,83.2,October,Lake,
LK7,Brown Bullhead,,1,,180,75.8,October,Lake,
LK7,Brown Bullhead,,1,,184,74.5,October,Lake,
LK7,Brown Bullhead,,1,,186,67.9,October,Lake,
CR2,Common Shiner,,1,105,117,12.8,October,Creek,
CR2,Common Shiner,,1,105,115,12.8,October,Creek,
CR6,Common Shiner,,1,106,117,14.8,October,Creek,
CR1,Creek Chub,,1,105,122,12.1,October,Creek,
CR1,Creek Chub,,1,120,128,16.5,October,Creek,
CR1,Creek Chub,,1,140,147,21.9,October,Creek,
CR1,Creek Chub,,1,67,73,3.2,October,Creek,
CR2,Creek Chub,,1,130,140,22.5,October,Creek,
CR2,Creek Chub,,1,113,120,15.7,October,Creek,
CR2,Creek Chub,,1,151,159,36.2,October,Creek,
CR2,Creek Chub,,1,150,158,36.7,October,Creek,
CR2,Creek Chub,,1,150,158,34,October,Creek,
CR2,Creek Chub,,1,122,130,20,October,Creek,
CR2,Creek Chub,,1,116,125,15.1,October,Creek,
CR3,Creek Chub,,1,153,162,39,October,Creek,
CR3,Creek Chub,,1,155,164,37.3,October,Creek,
CR3,Creek Chub,,1,112,120,13.4,October,Creek,
CR3,Creek Chub,,1,123,130,19.5,October,Creek,
CR3,Creek Chub,,1,122,127,16.1,October,Creek,
CR3,Creek Chub,,1,142,152,30,October,Creek,
CR3,Creek Chub,,1,95,103,9.2,October,Creek,
CR3,Creek Chub,,1,101,109,11.4,October,Creek,
CR5,Creek Chub,,1,137,146,25.8,October,Creek,
CR5,Creek Chub,,1,190,200,79.5,October,Creek,
CR5,Creek Chub,,1,150,158,34,October,Creek,
CR5,Creek Chub,,1,178,189,63.6,October,Creek,
CR5,Creek Chub,,1,158,168,43.4,October,Creek,
CR5,Creek Chub,,2,157,163,93.9,October,Creek,
CR5,Creek Chub,,3,125,135,72.8,October,Creek,
CR5,Creek Chub,,5,135,144,107.9,October,Creek,
CR5,Creek Chub,,6,132,141,99.6,October,Creek,
CR5,Creek Chub,,3,145,153,85,October,Creek,
CR5,Creek Chub,,1,161,172,43.2,October,Creek,
CR5,Creek Chub,,5,115,124,96.2,October,Creek,
CR5,Creek Chub,,1,98,106,7.8,October,Creek,
CR6,Creek Chub,,1,135,145,26.1,October,Creek,
CR6,Creek Chub,,1,132,140,22.2,October,Creek,
CR6,Creek Chub,,1,159,174,40,October,Creek,
CR6,Creek Chub,,1,112,120,13.2,October,Creek,
CR6,Creek Chub,,1,121,130,18.4,October,Creek,
CR6,Creek Chub,,1,150,159,34.5,October,Creek,
CR6,Creek Chub,,1,180,191,55.2,October,Creek,
CR6,Creek Chub,CR6-O23-CC-1,1,112,121,12.2,October,Creek,
CR6,Creek Chub,CR6-O23-CC-2,1,127,136,20,October,Creek,
CR6,Creek Chub,CR6-O23-CC-3,1,165,174,32.8,October,Creek,
CR6,Creek Chub,CR6-O23-CC-4,1,123,131,19.6,October,Creek,
CR6,Creek Chub,CR6-O23-CC-5,1,158,167,42,October,Creek,
CR6,Creek Chub,,1,132,136,,October,Creek,
CR6,Creek Chub,,1,125,131,19,October,Creek,
CR6,Creek Chub,,1,135,143,20.9,October,Creek,
CR6,Creek Chub,,1,95,101,6.1,October,Creek,
CR6,Creek Chub,,1,145,154,29.3,October,Creek,
CR6,Creek Chub,,5,120,125,85.9,October,Creek,
CR6,Creek Chub,,5,121,129,81.3,October,Creek,
CR6,Creek Chub,,5,120,128,90.9,October,Creek,
CR6,Creek Chub,,1,133,141,24.5,October,Creek,
CR6,Creek Chub,,1,135,144,25.5,October,Creek,
CR6,Creek Chub,,1,146,155,31.3,October,Creek,
CR6,Creek Chub,,1,135,145,25.6,October,Creek,
CR6,Creek Chub,,4,108,116,44.5,October,Creek,
CR6,Creek Chub,,3,110,118,35.2,October,Creek,
CR6,Creek Chub,,1,82,91,5.2,October,Creek,
CR7,Creek Chub,,1,141,151,27.2,October,Creek,
CR7,Creek Chub,,1,121,131,20,October,Creek,
CR7,Creek Chub,,1,129,138,23.1,October,Creek,
CR7,Creek Chub,,1,107,114,13.4,October,Creek,
CR7,Creek Chub,,1,100,109,9.4,October,Creek,
CR8,Creek Chub,,1,131,140,26.1,October,Creek,
CR8,Creek Chub,,1,105,111,11.8,October,Creek,
CR8,Creek Chub,,1,63,67,2.1,October,Creek,
CR8,Creek Chub,,1,65,70,2.9,October,Creek,
CR8,Creek Chub,,1,101,111,12.1,October,Creek,
CR8,Creek Chub,,1,76,81,4.1,October,Creek,
CR8,Creek Chub,,1,70,77,3.6,October,Creek,
CR8,Creek Chub,,1,80,85,4.5,October,Creek,
CR9,Creek Chub,,1,86,91,5.9,October,Creek,
LK2,Creek Chub,,1,170,179,47.4,October,Lake,
LK3,Creek Chub,,1,132,140,27.9,October,Lake,
LK3,Creek Chub,,1,159,169,40.6,October,Lake,
LK3,Creek Chub,,1,112,119,15.2,October,Lake,
LK4,Creek Chub,LK4-O23-CC-4,1,140,149,24.7,October,Lake,
LK4,Creek Chub,LK4-O23-CC-5,1,120,128,16.7,October,Lake,
LK4,Creek Chub,,1,150,159,37.7,October,Lake,
LK4,Creek Chub,,1,130,138,17.5,October,Lake,
LK4,Creek Chub,,1,95,101,7.4,October,Lake,
LK4,Creek Chub,,1,83,89,4.7,October,Lake,
LK5,Creek Chub,LK5-O23-CC-1,1,168,179,62.6,October,Lake,
LK5,Creek Chub,LK5-O23-CC-2,1,165,177,40.6,October,Lake,
LK5,Creek Chub,LK5-O23-CC-3,1,185,195,64,October,Lake,
CR1,Golden Shiner,,1,121,133,24.7,October,Creek,
CR1,Golden Shiner,,1,100,110,10,October,Creek,
CR1,Golden Shiner,,1,97,107,9.6,October,Creek,
CR2,Golden Shiner,,1,102,114,10.3,October,Creek,
CR2,Golden Shiner,,1,98,103,9.3,October,Creek,
CR2,Golden Shiner,,1,97,109,9.6,October,Creek,
CR3,Golden Shiner,,1,85,95,7,October,Creek,
CR5,Golden Shiner,,1,115,125,15.9,October,Creek,
CR6,Golden Shiner,,1,115,125,10,October,Creek,
LK1,Golden Shiner,LK2-O23-GS-7,1,140,155,30.6,October,Lake,
LK2,Golden Shiner,LK2-O23-GS-3,1,127,141,22.3,October,Lake,
LK2,Golden Shiner,LK2-O23-GS-4,1,132,145,27.1,October,Lake,
LK2,Golden Shiner,LK2-O23-GS-5,1,115,127,17.6,October,Lake,
LK2,Golden Shiner,,1,125,137,17.8,October,Lake,
LK2,Golden Shiner,LK2-O23-GS-6,1,127,141,23.6,October,Lake,
LK2,Golden Shiner,,1,100,110,11.7,October,Lake,
LK4,Golden Shiner,LK4-O23-GS-1,1,140,154,34.4,October,Lake,practiced tagging
LK4,Golden Shiner,LK4-O23-GS-2,1,110,124,15.5,October,Lake,
LK9,Golden Shiner,,1,130,142,22.72,October,Lake,
CR1,Pumpkinseed,,1,95,102,16.8,October,Creek,
CR1,Pumpkinseed,,1,53,57,3.5,October,Creek,
CR1,Pumpkinseed,,1,57,60,3.3,October,Creek,
CR2,Pumpkinseed,,1,95,100,18.2,October,Creek,
CR2,Pumpkinseed,,1,72,76,7.1,October,Creek,
CR2,Pumpkinseed,,1,53,57,2.6,October,Creek,
CR2,Pumpkinseed,,1,90,94,13.3,October,Creek,
CR2,Pumpkinseed,,1,82,87,11,October,Creek,
CR2,Pumpkinseed,,1,65,69,5.6,October,Creek,
CR2,Pumpkinseed,,1,58,61,4,October,Creek,
CR2,Pumpkinseed,,1,55,58,3.1,October,Creek,
CR5,Pumpkinseed,,1,58,62,3.6,October,Creek,
CR5,Pumpkinseed,,1,70,74,4.6,October,Creek,
CR6,Pumpkinseed,,1,160,163,4,October,Creek,
CR6,Pumpkinseed,,1,55,59,3.4,October,Creek,
CR6,Pumpkinseed,,1,83,88,11.4,October,Creek,
CR6,Pumpkinseed,,1,85,90,12.4,October,Creek,
LK10,Pumpkinseed,,1,109,116,24.9,October,Lake,
LK10,Pumpkinseed,,1,83,87,9.9,October,Lake,
LK10,Pumpkinseed,,1,98,104,14.8,October,Lake,
LK10,Pumpkinseed,,1,100,105,17.5,October,Lake,
LK10,Pumpkinseed,,1,90,95,14.1,October,Lake,
LK10,Pumpkinseed,,1,94,99,18.9,October,Lake,
LK10,Pumpkinseed,,1,99,106,20,October,Lake,
LK10,Pumpkinseed,,1,96,101,17.6,October,Lake,
LK10,Pumpkinseed,,3,80,85,32.9,October,Lake,
LK10,Pumpkinseed,,5,99,105,84.5,October,Lake,
LK10,Pumpkinseed,,1,101,107,18.6,October,Lake,
LK10,Pumpkinseed,,3,85,89,34,October,Lake,
LK10,Pumpkinseed,,1,103,109,21.9,October,Lake,
LK10,Pumpkinseed,,1,97,102,18.2,October,Lake,
LK10,Pumpkinseed,,4,83,88,38.2,October,Lake,
LK10,Pumpkinseed,,5,67,71,21.6,October,Lake,
LK10,Pumpkinseed,,1,72,75,7.5,October,Lake,
LK3,Pumpkinseed,,1,81,85,10,October,Lake,
LK3,Pumpkinseed,,1,60,63,3.8,October,Lake,
LK3,Pumpkinseed,,1,77,81,8.7,October,Lake,
LK3,Pumpkinseed,,1,60,64,3.4,October,Lake,
LK4,Pumpkinseed,,1,96,102,17.9,October,Lake,
LK4,Pumpkinseed,,1,95,101,16.7,October,Lake,
LK4,Pumpkinseed,,1,80,85,9.6,October,Lake,
LK4,Pumpkinseed,,1,62,66,3.2,October,Lake,
LK4,Pumpkinseed,,1,58,62,4.8,October,Lake,
LK6,Pumpkinseed,,1,63,67,3.3,October,Lake,
LK6,Pumpkinseed,,1,57,60,2.4,October,Lake,
LK7,Pumpkinseed,,1,53,56,2.3,October,Lake,
LK8,Pumpkinseed,,10,102,108,184.6,October,Lake,
LK8,Pumpkinseed,,9,86,92,93.9,October,Lake,
LK8,Pumpkinseed,,6,65,68,37,October,Lake,
LK8,Pumpkinseed,,1,59,62,3.9,October,Lake,
LK8,Pumpkinseed,,1,53,56,2.7,October,Lake,
CR5,White Sucker,,1,205,219,94.3,October,Creek,
CR5,White Sucker,,1,145,156,33.6,October,Creek,
CR5,White Sucker,,1,198,210,86.9,October,Creek,
CR5,White Sucker,,1,144,153,30.8,October,Creek,
CR5,White Sucker,,1,140,149,34.2,October,Creek,
CR1,Yellow Perch,,1,86,90,5.9,October,Creek,
CR2,Yellow Perch,,1,93,97,8.7,October,Creek,
CR3,Yellow Perch,,1,116,122,15.2,October,Creek,
CR3,Yellow Perch,,1,100,105,10.8,October,Creek,
CR4,Yellow Perch,CR4-O23-YP-1,1,100,105,8.7,October,Creek,
CR4,Yellow Perch,,1,97,108,11.5,October,Creek,
CR4,Yellow Perch,,1,110,116,13.6,October,Creek,
CR4,Yellow Perch,,1,110,115,12.1,October,Creek,
CR5,Yellow Perch,CR5-O23-YP-2,1,116,121,19,October,Creek,
CR5,Yellow Perch,CR5-O23-YP-3,1,125,131,18.9,October,Creek,
CR5,Yellow Perch,CR5-O23-YP-4,1,115,120,14.7,October,Creek,
CR5,Yellow Perch,CR5-O23-YP-5,1,125,130,16.8,October,Creek,
CR5,Yellow Perch,,1,95,100,11.1,October,Creek,
CR5,Yellow Perch,,1,123,128,19.2,October,Creek,
CR5,Yellow Perch,,1,95,101,9.3,October,Creek,
LK10,Yellow Perch,,1,115,121,16,October,Lake,
LK10,Yellow Perch,,1,101,106,11.5,October,Lake,
LK10,Yellow Perch,,1,133,139,24.7,October,Lake,
LK10,Yellow Perch,,1,94,98,9,October,Lake,
LK10,Yellow Perch,,1,87,92,7.8,October,Lake,
LK10,Yellow Perch,,1,119,125,16.6,October,Lake,
LK10,Yellow Perch,,1,111,116,13.6,October,Lake,
LK10,Yellow Perch,,1,99,105,9.7,October,Lake,
LK10,Yellow Perch,,1,95,100,9.1,October,Lake,
LK10,Yellow Perch,,1,65,68,2.2,October,Lake,
LK10,Yellow Perch,,1,73,76,3.7,October,Lake,
LK10 ,Yellow Perch,,1,110,116,15.9,October,Lake,
LK3,Yellow Perch,,1,120,131,17.8,October,Lake,
LK5,Yellow Perch,,1,100,104,15.2,October,Lake,
LK5,Yellow Perch,,1,95,100,9,October,Lake,
LK5,Yellow Perch,,1,71,76,3.2,October,Lake,
LK5,Yellow Perch,,1,94,98,8,October,Lake,
LK6,Yellow Perch,,1,100,106,10.6,October,Lake,
LK6,Yellow Perch,,1,100,105,9.5,October,Lake,
LK6,Yellow Perch,,1,112,117,12.4,October,Lake,
LK6,Yellow Perch,,1,96,102,12.5,October,Lake,
LK6,Yellow Perch,,1,93,97,8.9,October,Lake,
LK6,Yellow Perch,,5,68,72,16.4,October,Lake,
LK8,Yellow Perch,,1,113,118,14.1,October,Lake,
LK8,Yellow Perch,,1,109,115,9.9,October,Lake,
LK8,Yellow Perch,,1,105,110,11.2,October,Lake,
LK8,Yellow Perch,,1,92,96,6.2,October,Lake,
LK8,Yellow Perch,,4,85,88,24.4,October,Lake,
LK8,Yellow Perch,,1,70,74,2.7,October,Lake,
CR10,,,,,,,October,Creek,Completely empty trap 